Name,Scientific_Name,Conservation_Status,habitat,Color,Found_In,Diet,Species,Image Link,,
Orinoco crocodile,Crocodylus intermedius,Critically Endangered,Orinoco River basin,Grayish-Brown,Venezuela,Carnivore,Crocodile,https://www.google.com/search?q=crocodylus%20intermedius&tbm=isch&hl=en&tbs=rimg:CZsWOx5pEh8AYZrKlb_Cd1NGsgIMCgIIABAAOgQIABAAwAIA&sa=X&ved=0CBoQuIIBahcKEwjQkq6U-sP9AhUAAAAAHQAAAAAQBw&biw=1519&bih=746,,
Philippine crocodile,Crocodylus mindorensis,Critically Endangered,Fresh Water,Olive-Brown,Philippines,Carnivore,Crocodile,https://www.google.com/search?q=Philippine%20crocodile&tbm=isch&hl=en&tbs=rimg:CZnOygDl5LRnYQHRmpq2OsH3sgIMCgIIABAAOgQIABAAwAIA&sa=X&ved=0CBoQuIIBahcKEwiYzJ3k-sP9AhUAAAAAHQAAAAAQBw&biw=1519&bih=746,,
Cuban crocodile,Crocodylus rhombifer,Critically Endangered,Fresh Water,Olive-Brown,Cuba,Carnivore,Crocodile,https://www.google.com/search?q=Crocodylus%20rhombifer&tbm=isch&hl=en&tbs=rimg:CaX2-iCcCXNtYaSgnxnT4uS0sgIMCgIIABAAOgQIABAAwAIA&sa=X&ved=0CBoQuIIBahcKEwi4hLP2-sP9AhUAAAAAHQAAAAAQBw&biw=1519&bih=746,,
Siamese crocodile,Crocodylus siamensis,Critically Endangered,Fresh Water,Grayish-Brown,Cambodia,Carnivore,Crocodile,https://www.google.com/search?q=Crocodylus%20siamensis&tbm=isch&hl=en&tbs=rimg:CTG8EP5TJvePYeAY9gIV1QpMsgIMCgIIABAAOgQIABAAwAIA&sa=X&ved=0CBoQuIIBahcKEwiYzsiN-8P9AhUAAAAAHQAAAAAQBw&biw=1519&bih=746,,
West African Slender-snouted crocodile,Mecistops cataphractus,Critically Endangered,Tropical Region ,Dark-Brown,Angola,Carnivore,Crocodile,https://www.google.com/search?q=Mecistops%20cataphractus&tbm=isch&hl=en&tbs=rimg:CTQqkbY9u7BBYZW7fPdj0T_6sgIMCgIIABAAOgQIABABwAIA&sa=X&ved=0CBoQuIIBahcKEwiw98ak-8P9AhUAAAAAHQAAAAAQDw&biw=1519&bih=746,,
Chinese alligator,Alligator sinensis,Critically Endangered,Yangtze River basin,Dark-Brown,China,Carnivore,Crocodile,https://www.google.com/search?q=Alligator%20sinensis&tbm=isch&hl=en&tbs=rimg:Cai9emZndE1sYf6qAcEScjzcsgIMCgIIABAAOgQIABABwAIA&sa=X&ved=0CBoQuIIBahcKEwioiJa8-8P9AhUAAAAAHQAAAAAQBw&biw=1519&bih=746,,
Gharial,Gavialis gangeticus,Critically Endangered,Fresh Water ,Light-Brown,India,Carnivore,Crocodile,https://www.google.com/search?q=Gavialis%20gangeticus&tbm=isch&hl=en&tbs=rimg:CQ2yaiR3Kl0aYSyc4MOq45I0sgIMCgIIABAAOgQIABAAwAIA&sa=X&ved=0CBoQuIIBahcKEwjYwNTJ-8P9AhUAAAAAHQAAAAAQBw&biw=1519&bih=746,,
Black caiman,Melanosuchus niger,Lower Risk,Amazon basin,Brown-Black,Brazil,Carnivore,Crocodile,https://www.google.com/search?q=Melanosuchus%20niger&tbm=isch&hl=en&tbs=rimg:CboLPlsICnC1YWGzMQ8TXTNVsgIMCgIIABAAOgQIABABwAIA&sa=X&ved=0CBoQuIIBahcKEwiojM6Y_MP9AhUAAAAAHQAAAAAQBw&biw=1519&bih=746,,
Freshwater crocodile,Crocodylus johnsoni,Lower Risk,Northern Australia,Olive-Brown,Australia,Carnivore,Crocodile,https://www.google.com/search?q=Crocodylus%20johnsoni&tbm=isch&hl=en&tbs=rimg:CbMbQr8ApobiYUpZa5b7cUZhsgIMCgIIABAAOgQIABAAwAIA&sa=X&ved=0CBwQuIIBahcKEwigsdio_MP9AhUAAAAAHQAAAAAQBw&biw=1519&bih=746,,
Morelet’s crocodile or Mexican crocodile,Crocodylus moreletii,Lower Risk,Mangroves,Dark-Gray,Belize,Carnivore,Crocodile,https://www.google.com/search?q=Crocodylus%20moreletii&tbm=isch&hl=en&tbs=rimg:CVUq4MhW4XpJYbRm1I5A9n4-sgIMCgIIABAAOgQIABAAwAIA&sa=X&ved=0CBoQuIIBahcKEwjIi8jj_MP9AhUAAAAAHQAAAAAQBw&biw=1519&bih=746,,
Nile crocodile,Crocodylus niloticus,Lower Risk,Salt Water,Grayish-Green,Africa,Carnivore,Crocodile,https://www.google.com/search?q=biggest%20nile%20crocodile&tbm=isch&hl=en&tbs=rimg:CfZJxE08It_6YcP_Be9Yluy8sgIMCgIIABAAOgQIABAAwAIA&sa=X&ved=0CB4QuIIBahcKEwig_aSg_cP9AhUAAAAAHQAAAAAQBw&biw=1519&bih=746,,
New Guinea crocodile,Crocodylus novaeguineae,Lower Risk,Wet Lands,Dark-Gray,Papua New Guinea,Carnivore,Crocodile,https://www.google.com/search?q=Crocodylus%20novaeguineae&tbm=isch&hl=en&tbs=rimg:CQsRYV0vVWjbYeA1pt7Xq4AEsgIMCgIIABAAOgQIABAAwAIA&sa=X&ved=0CBoQuIIBahcKEwj4nLi4_cP9AhUAAAAAHQAAAAAQBg&biw=1519&bih=746,,
Saltwater crocodile,Crocodylus porosus,Lower Risk,Salt Water,Grayish-Green,America,Carnivore,Crocodile,https://www.google.com/search?q=Crocodylus%20porosus&tbm=isch&hl=en&tbs=rimg:CVV7w6Kj7I3xYdXpJ6G87G8TsgIMCgIIABAAOgQIABABwAIA&sa=X&ved=0CBoQuIIBahcKEwi4_N_R_cP9AhUAAAAAHQAAAAAQBg&biw=1519&bih=746,,
American alligator,Alligator mississippiensis,Lower Risk,Salt Water,Greenish-Black,Central America,Carnivore,Crocodile,https://www.google.com/search?q=Alligator%20mississippiensis&tbm=isch&hl=en&tbs=rimg:CbggeKE4IrGfYXZh5blXR-U0sgIMCgIIABAAOgQIABAAwAIA&sa=X&ved=0CBoQuIIBahcKEwiwv-Pg_cP9AhUAAAAAHQAAAAAQBg&biw=1519&bih=746,,
Spectacled caiman,Caiman crocodilus,Lower Risk,Fresh Water,Olive-Brown,South America,Carnivore,Crocodile,https://www.google.com/search?q=Caiman%20crocodilus&tbm=isch&hl=en&tbs=rimg:CYhh_IoeKggfYfcXfjXySFthsgIMCgIIABAAOgQIABAAwAIA&sa=X&ved=0CBoQuIIBahcKEwiQ0IX6_cP9AhUAAAAAHQAAAAAQBg&biw=1519&bih=746,,
Broad-snouted caiman,Caiman latirostris,Lower Risk,Fresh Water,Dark-Brown,South America,Carnivore,Crocodile,https://www.google.com/search?q=Caiman%20latirostris&tbm=isch&hl=en&tbs=rimg:CSvhQWgUtt4DYVEm2CeoQm0lsgIMCgIIABAAOgQIABAAwAIA&sa=X&ved=0CBoQuIIBahcKEwiI5v-Q_sP9AhUAAAAAHQAAAAAQBw&biw=1519&bih=746,,
Yacaré caiman,Caiman yacare,Lower Risk,Aqatic Place,Brownish-Green,South America,Carnivore,Crocodile,https://www.google.com/search?q=Caiman%20yacare&tbm=isch&hl=en&tbs=rimg:CdSxpANrAxepYcFo_Sv0p4Z7sgIMCgIIABAAOgQIABAAwAIA&sa=X&ved=0CBoQuIIBahcKEwjw0IWu_sP9AhUAAAAAHQAAAAAQBg&biw=1519&bih=746,,
Cuvier’s dwarf caiman,Paleosuchus palpebrosus,Lower Risk,Fresh Water,Brownish-Black,South America,Carnivore,Crocodile,https://www.google.com/search?q=Paleosuchus%20palpebrosus&tbm=isch&hl=en&tbs=rimg:Cfi8XE3iijcrYZ7wG-NbfBHRsgIMCgIIABAAOgQIABAAwAIA&sa=X&ved=0CBwQuIIBahcKEwjY_Ma-_sP9AhUAAAAAHQAAAAAQBw&biw=1519&bih=746,,
Schneider’s dwarf caiman,Paleosuchus trigonatus,Lower Risk,Fresh Water,Brownish-Green,South America,Carnivore,Crocodile,https://www.google.com/search?q=Paleosuchus%20trigonatus&tbm=isch&hl=en&tbs=rimg:Cdem1YqF2O3_YUifSJTPQsoMsgIMCgIIABAAOgQIABABwAIA&sa=X&ved=0CBoQuIIBahcKEwiAlIPM_sP9AhUAAAAAHQAAAAAQBg&biw=1519&bih=746,,
American crocodile,Crocodylus acutus,Vulnerable,Mangroves,Grayish-Green,Northern South America,Carnivore,Crocodile,https://www.google.com/search?q=Crocodylus%20acutus&tbm=isch&hl=en&tbs=rimg:CS9kIKiA_ObCYZHkzdvBxewwsgIMCgIIABAAOgQIABAAwAIA&sa=X&ved=0CBoQuIIBahcKEwjAkvfk_sP9AhUAAAAAHQAAAAAQBw&biw=1519&bih=746,,
Indian crocodile,Crocodylus palustris,Vulnerable,Fresh Water,Dark Olive-Green,India,Carnivore,Crocodile,https://www.google.com/search?q=Crocodylus%20palustris&tbm=isch&hl=en&tbs=rimg:CZOHXqiz3Q9mYUNdCh2bPuTRsgIMCgIIABAAOgQIABAAwAIA&sa=X&ved=0CBoQuIIBahcKEwiQk7T8_sP9AhUAAAAAHQAAAAAQBg&biw=1519&bih=746,,
Dwarf crocodile,Osteolaemus tetraspis,Vulnerable,Fresh Water,Dark Olive-Green,Africa,Carnivore,Crocodile,https://www.google.com/search?q=Osteolaemus%20tetraspis&tbm=isch&hl=en&tbs=rimg:CRQAMfnU-tAnYUnNp1_kLU2ssgIMCgIIABAAOgQIABAAwAIA&sa=X&ved=0CBoQuIIBahcKEwjwl_iL_8P9AhUAAAAAHQAAAAAQBw&biw=1519&bih=746,,
False gharial,Tomistoma schlegelii,Vulnerable,Southeast Asia,Dark Greenish Gray,Asia,Carnivore,Crocodile,https://www.google.com/search?q=Tomistoma%20schlegelii&tbm=isch&hl=en&tbs=rimg:CbR9M20JMaHwYWuQlcS5BhKEsgIMCgIIABAAOgQIABAAwAIA&sa=X&ved=0CBoQuIIBahcKEwjIjvWh_8P9AhUAAAAAHQAAAAAQBw&biw=1519&bih=746,,
Desert iguana,Dipsosaurus dorsalis,Low Risk ,Desert,Pale Gray,Southwestern America,Carnivore,Lizard,https://www.google.com/search?q=Dipsosaurus%20dorsalis&tbm=isch&hl=en&tbs=rimg:Cc0Ho2av9sfoYU8OEtwQ78mosgIMCgIIABAAOgQIABAAwAIA&sa=X&ved=0CBoQuIIBahcKEwjgpLWz_8P9AhUAAAAAHQAAAAAQBg&biw=1519&bih=746,,
Western fence lizard ,Sceloporus occidentalis,Low Risk ,Grassland,Brown,Western America ,Insectivore,Lizard,https://www.google.com/search?q=Sceloporus%20occidentalis&tbm=isch&hl=en&tbs=rimg:Caw59fYwcIlVYRH__eyOlA6psgIMCgIIABAAOgQIABAAwAIA&sa=X&ved=0CBwQuIIBahcKEwjIvMrG_8P9AhUAAAAAHQAAAAAQBg&biw=1519&bih=746,,
Mediterranean house gecko ,Hemidactylus turcicus,Low Risk ,House,Gray,All Over the World,Insectivore,Lizard,https://www.google.com/search?q=hemidactylus%20turcicus&tbm=isch&hl=en&tbs=rimg:CV9aUQ577myYYcX1ooMaN3q7sgIMCgIIABAAOgQIABAAwAIA&sa=X&ved=0CBoQuIIBahcKEwjQ9Kbe_8P9AhUAAAAAHQAAAAAQBg&biw=1519&bih=746,,
Chinese water dragon   ,Physignathus cocincinus,Low Risk ,Forest,Greenish-Gray,China,Omnivore,Lizard,https://www.google.com/search?q=Physignathus%20cocincinus&tbm=isch&hl=en&tbs=rimg:CUtnF3m3S_B9YWQizKJQpDiGsgIMCgIIABAAOgQIABABwAIA&sa=X&ved=0CBsQuIIBahcKEwiwzd7o_8P9AhUAAAAAHQAAAAAQBw&biw=1519&bih=746,,
Common wall lizard   ,Podarcis muralis,Low Risk ,Rocky habitats,Gray,Europe,Insectivore,Lizard,https://www.google.com/search?q=Podarcis%20muralis&tbm=isch&hl=en&tbs=rimg:CYXiHr7AMfy3Yb7TbUdiQ5-YsgIMCgIIABAAOgQIABAAwAIA&sa=X&ved=0CBwQuIIBahcKEwj4itr8_8P9AhUAAAAAHQAAAAAQBg&biw=1519&bih=746,,
Green anole   ,Anolis carolinensis,Low Risk ,Trees,Green,Southeastern America,Insectivore,Lizard,https://www.google.com/search?q=Anolis%20carolinensis&tbm=isch&hl=en&tbs=rimg:CYMBoNvmqj_0YRJcy1bMDCOcsgIMCgIIABAAOgQIABAAwAIA&sa=X&ved=0CBoQuIIBahcKEwiQpK6HgMT9AhUAAAAAHQAAAAAQBw&biw=1519&bih=746,,
Ocellated lizard   ,Timon lepidus,Low Risk ,Rocky habitats,Gray,Peninsula,Insectivore,Lizard,https://www.google.com/search?q=Timon%20lepidus&tbm=isch&hl=en&tbs=rimg:CWgbCgmjrFpnYU3Yq40s75A9sgIMCgIIABAAOgQIABAAwAIA&sa=X&ved=0CBoQuIIBahcKEwiA9_6SgMT9AhUAAAAAHQAAAAAQBg&biw=1519&bih=746,,
Gidgee skink   ,Egernia stokesii,Low Risk ,Desert,Gray,Australia,Omnivore,Lizard,https://www.google.com/search?q=Egernia%20stokesii&tbm=isch&hl=en&tbs=rimg:Ca85cFJQSgGrYdNbJIsat1oBsgIMCgIIABAAOgQIABABwAIA&sa=X&ved=0CBoQuIIBahcKEwjo3sSbgMT9AhUAAAAAHQAAAAAQBg&biw=1519&bih=746,,
Asian water monitor   ,Varanus salvator,Low Risk ,Forest,Black,Asia,Carnivore,Lizard,https://www.google.com/search?q=Varanus%20salvator&tbm=isch&hl=en&tbs=rimg:CVAMn268oM2DYbCvrVArhqlYsgIOCgIIABAAOgQIABAAQAHAAgA&sa=X&ved=0CBoQuIIBahcKEwjIt-GugMT9AhUAAAAAHQAAAAAQBg&biw=1519&bih=746,,
Common five-lined skink   ,Plestiodon fasciatus,Low Risk ,Forest,Gray,North America,Insectivore,Lizard,https://www.google.com/search?q=Plestiodon%20fasciatus&tbm=isch&hl=en&tbs=rimg:CSy1aRkRy0WaYRN22AIx1A9MsgIOCgIIABAAOgQIABAAQAHAAgA&sa=X&ved=0CBoQuIIBahcKEwjorNS3gMT9AhUAAAAAHQAAAAAQBw&biw=1519&bih=746,,
Moroccan rock lizard   ,Scelarcis perspicillata,Low Risk ,Desert,Brown,Morocco,Insectivore,Lizard,https://www.google.com/search?q=Moroccan%20rock%20lizard%20sci&tbm=isch&tbs=rimg:CXk52KbXxNxmYXmkTj8E5RbYsgIMCgIIABAAOgQIABABwAIA&hl=en&sa=X&ved=0CBoQuIIBahcKEwigyqCbgcT9AhUAAAAAHQAAAAAQDg&biw=1519&bih=746,,
Striped skink   ,Lygosoma striata,Low Risk ,Forest,Brown,Southeast Asia,Insectivore,Lizard,https://www.google.com/search?q=Lygosoma%20striata&tbm=isch&tbs=rimg:CcG1DMiJNSEwYc-_0iRuGwgPsgIMCgIIABAAOgQIABAAwAIA&hl=en&sa=X&ved=0CBoQuIIBahcKEwjY9YGxgcT9AhUAAAAAHQAAAAAQBw&biw=1519&bih=746,,
Eastern fence lizard   ,Sceloporus undulatus,Low Risk ,Desert,Brown,North America,Insectivore,Lizard,https://www.google.com/search?q=Sceloporus%20undulatus&tbm=isch&hl=en&tbs=rimg:CfwchONLqwZ_YRrXJ8D1ep3BsgIMCgIIABAAOgQIABAAwAIA&sa=X&ved=0CBoQuIIBahcKEwjojrHDgcT9AhUAAAAAHQAAAAAQBg&biw=1519&bih=746,,
Plumed basilisk   ,Basiliscus plumifrons,Low Risk ,Wet Lands,Green,South America,Omnivore,Lizard,https://www.google.com/search?q=Basiliscus%20plumifrons&tbm=isch&hl=en&tbs=rimg:CYPq4D0Q3X9wYdPZ4BZZ-S7msgIMCgIIABAAOgQIABAAwAIA&sa=X&ved=0CBoQuIIBahcKEwj4pbfVgcT9AhUAAAAAHQAAAAAQBg&biw=1519&bih=746,,
Madagascar ground gecko ,Paroedura picta,Vulnerable,Rainforest ,Tan,Madagascar,Insectivore,Lizard,https://www.google.com/search?q=Paroedura%20picta&tbm=isch&tbs=rimg:CbsJE-AHf-eyYcNVY8i-ytgQsgIMCgIIABAAOgQIABAAwAIA&hl=en&sa=X&ved=0CBsQuIIBahcKEwjA0sTUgsT9AhUAAAAAHQAAAAAQBg&biw=1519&bih=746,,
Egyptian spiny-tailed lizard ,Uromastyx aegyptia,Vulnerable,Desert,Yellow,North Africa,Herbivore,Lizard,https://www.google.com/search?q=Uromastyx%20aegyptia&tbm=isch&hl=en&tbs=rimg:CRBzs694KJggYX7ptOFAFHa8sgIMCgIIABAAOgQIABAAwAIA&sa=X&ved=0CBoQuIIBahcKEwi4_dvfgsT9AhUAAAAAHQAAAAAQBg&biw=1519&bih=746,,
Philippine sailfin lizard ,Hydrosaurus pustulatus,Vulnerable,Rainforest ,Brown,Southeast Asia,Omnivore,Lizard,https://www.google.com/search?q=Hydrosaurus%20pustulatus&tbm=isch&hl=en&tbs=rimg:CSCnbHuOlL2cYVdx8xyAg9VfsgIMCgIIABAAOgQIABAAwAIA&sa=X&ved=0CBoQuIIBahcKEwjoxJ7qgsT9AhUAAAAAHQAAAAAQBw&biw=1519&bih=746,,
Blue-tailed day gecko ,Phelsuma cepediana,Vulnerable,Forest,Green,Mauritius,Insectivore,Lizard,https://www.google.com/search?q=Phelsuma%20cepediana&tbm=isch&hl=en&tbs=rimg:CW1mfa1ijaTbYVn0QFk9eVB2sgIMCgIIABAAOgQIABABwAIA&sa=X&ved=0CBoQuIIBahcKEwjQkrT3gsT9AhUAAAAAHQAAAAAQBg&biw=1519&bih=746,,
Bell's angle-headed lizard ,Gonocephalus bellii,Vulnerable,Forest,Green,Asia,Carnivore,Lizard,https://www.google.com/search?q=Gonocephalus%20bellii&tbm=isch&hl=en&tbs=rimg:CVlfuCZnJVPSYQTxm9ri1zbhsgIMCgIIABAAOgQIABABwAIA&sa=X&ved=0CBoQuIIBahcKEwiwxqeAg8T9AhUAAAAAHQAAAAAQBg&biw=1519&bih=746,,
Mexican beaded lizard ,Heloderma horridum,Vulnerable,Arid,Black,Mexico,Carnivore,Lizard,https://www.google.com/search?q=Heloderma%20horridum&tbm=isch&hl=en&tbs=rimg:CcDDpwVmVnseYUOA9ZKjbyeGsgIMCgIIABAAOgQIABAAwAIA&sa=X&ved=0CBoQuIIBahcKEwjInJDDg8T9AhUAAAAAHQAAAAAQBg&biw=1519&bih=746,,
Jamaican iguana ,Cyclura collei,Vulnerable,Rocky habitats,Grayish-Brown,Bahamas,Omnivore,Lizard,https://www.google.com/search?q=Cyclura%20collei&tbm=isch&hl=en&tbs=rimg:CepHNdD8NntYYbl6hsDTgl_ysgIMCgIIABAAOgQIABAAwAIA&sa=X&ved=0CBoQuIIBahcKEwjAg__Ug8T9AhUAAAAAHQAAAAAQFQ&biw=1519&bih=746,,
Black rat snake ,Pantherophis obsoletus,Low Risk ,Forest,Black,North America,Carnivore,Snake,https://www.google.com/search?q=Pantherophis%20obsoletus&tbm=isch&hl=en&tbs=rimg:CSadh27lYV-KYSsADBNz4uXmsgIMCgIIABAAOgQIABABwAIA&sa=X&ved=0CBoQuIIBahcKEwjY47Xvg8T9AhUAAAAAHQAAAAAQDg&biw=1519&bih=746,,
Bullsnake ,Pituophis catenifer,Low Risk ,Rocky habitats,Light-Brown,Western America ,Carnivore,Snake,https://www.google.com/search?q=Pituophis%20catenifer&tbm=isch&hl=en&tbs=rimg:CdacSHELYoCmYZomubyykM43sgIMCgIIABAAOgQIABAAwAIA&sa=X&ved=0CBoQuIIBahcKEwiw8_qGhMT9AhUAAAAAHQAAAAAQBg&biw=1519&bih=746,,
Corn snake ,Pantherophis guttatus,Low Risk ,Forest,Orange,Eastern America,Carnivore,Snake,https://www.google.com/search?q=Pantherophis%20guttatus&tbm=isch&hl=en&tbs=rimg:CZS1WOCaACSvYVfanSIL5EZ2sgIMCgIIABAAOgQIABABwAIA&sa=X&ved=0CBoQuIIBahcKEwj4wOiPhMT9AhUAAAAAHQAAAAAQBg&biw=1519&bih=746,,
Garter snake ,Thamnophis sirtalis,Low Risk ,Wet Lands,Dark Green,North America,Carnivore,Snake,https://www.google.com/search?q=Thamnophis%20sirtalis&tbm=isch&hl=en&tbs=rimg:CZcPPeKRvN_tYRdy55wNTY7gsgIMCgIIABAAOgQIABABwAIA&sa=X&ved=0CBoQuIIBahcKEwjwmtfahMT9AhUAAAAAHQAAAAAQBg&biw=1519&bih=746,,
Milk snake ,Lampropeltis triangulum,Low Risk ,Forest,Black,North America,Carnivore,Snake,https://www.google.com/search?q=Lampropeltis%20triangulum&tbm=isch&hl=en&tbs=rimg:Ceb3lBc7uFJpYXie6fgseInOsgIMCgIIABAAOgQIABAAwAIA&sa=X&ved=0CBoQuIIBahcKEwiY8Y3jhMT9AhUAAAAAHQAAAAAQBg&biw=1519&bih=746,,
Red-sided garter snake ,Thamnophis sirtalis parietalis,Low Risk ,Wet Lands,Brown,North America,Carnivore,Snake,https://www.google.com/search?q=Thamnophis%20sirtalis%20parietalis&tbm=isch&hl=en&tbs=rimg:CZwP7PtJHwm2YZZyX7wmU3dzsgIMCgIIABAAOgQIABABwAIA&sa=X&ved=0CBoQuIIBahcKEwjY5pb2hMT9AhUAAAAAHQAAAAAQBw&biw=1519&bih=746,,
Rough green snake ,Opheodrys aestivus,Low Risk ,Forest,Bright Green,Eastern America,Carnivore,Snake,https://www.google.com/search?q=Opheodrys%20aestivus&tbm=isch&hl=en&tbs=rimg:CYMechydiE3BYVY-ba7OCDoKsgIMCgIIABAAOgQIABAAwAIA&sa=X&ved=0CBoQuIIBahcKEwjI_IyKhcT9AhUAAAAAHQAAAAAQBg&biw=1519&bih=746,,
Northern water snake ,Nerodia sipedon,Low Risk ,River,Brown,Eastern America,Carnivore,Snake,https://www.google.com/search?q=Nerodia%20sipedon&tbm=isch&hl=en&tbs=rimg:Ce8vNXisU08GYXwe433egqVPsgIMCgIIABAAOgQIABAAwAIA&sa=X&ved=0CBoQuIIBahcKEwiYouGxhcT9AhUAAAAAHQAAAAAQBw&biw=1519&bih=746,,
Brown water snake ,Lycodonomorphus rufulus,Low Risk ,Grassland,Brown,Southern Africa,Carnivore,Snake,https://www.google.com/search?q=Lycodonomorphus+rufulus&tbm=isch&ved=2ahUKEwif8qC7hcT9AhV6xXMBHRAeCQAQ2-cCegQIABAA&oq=Lycodonomorphus+rufulus&gs_lcp=CgNpbWcQAzIFCAAQgAQ6BAgjECdQ2AVY2AVg5ApoAHAAeACAAbkBiAHqApIBAzAuMpgBAKABAaoBC2d3cy13aXotaW1nwAEB&sclient=img&ei=sSYEZN_VF_qKz7sPkLwk&bih=746&biw=1519&hl=en,,
Eastern hog-nosed snake ,Heterodon platirhinos,Low Risk ,Desert,Brown,Eastern America,Carnivore,Snake,https://www.google.com/search?q=Heterodon%20platirhinos&tbm=isch&hl=en&tbs=rimg:CcRV__7SpRu4YQIsqEv8w0bssgIOCgIIABAAOgQIABAAQAHAAgA&sa=X&ved=0CBoQuIIBahcKEwiA2uvShcT9AhUAAAAAHQAAAAAQDg&biw=1519&bih=746,,
Pine snake ,Pituophis melanoleucus,Low Risk ,Forest,Light-Brown,North America,Carnivore,Snake,https://www.google.com/search?q=Pituophis%20melanoleucus&tbm=isch&hl=en&tbs=rimg:CYg91reLBKHGYZnicFzrR9_GsgIOCgIIABAAOgQIABAAQAHAAgA&sa=X&ved=0CBoQuIIBahcKEwig8MHhhcT9AhUAAAAAHQAAAAAQBg&biw=1519&bih=746,,
Coachwhip snake ,Masticophis flagellum,Low Risk ,Arid,Brown,North America,Carnivore,Snake,https://www.google.com/search?q=Masticophis%20flagellum&tbm=isch&hl=en&tbs=rimg:CY6m3WcLIQoAYWbNQAPNgFRxsgIMCgIIABAAOgQIABAAwAIA&sa=X&ved=0CBoQuIIBahcKEwiAu87thcT9AhUAAAAAHQAAAAAQBw&biw=1519&bih=746,,
Eastern ribbon snake ,Thamnophis sauritus,Low Risk ,Wet Lands,Brown,Eastern America,Carnivore,Snake,https://www.google.com/search?q=Thamnophis%20sauritus&tbm=isch&hl=en&tbs=rimg:CY7hScZ0TlkDYcTs1P3-mA89sgIMCgIIABAAOgQIABAAwAIA&sa=X&ved=0CBoQuIIBahcKEwjgl8b-hcT9AhUAAAAAHQAAAAAQBg&biw=1519&bih=746,,
Grass snake ,Natrix natrix,Low Risk ,Wet Lands,Gray,Europe,Carnivore,Snake,https://www.google.com/search?q=Natrix%20natrix&tbm=isch&hl=en&tbs=rimg:CaHR6SGEsEzTYQpn0cvizlXBsgIMCgIIABAAOgQIABAAwAIA&sa=X&ved=0CBoQuIIBahcKEwiowd-mhsT9AhUAAAAAHQAAAAAQBg&biw=1519&bih=746,,
Western hognose snake ,Heterodon nasicus,Low Risk ,Grassland,Tan,North America,Carnivore,Snake,https://www.google.com/search?q=Heterodon%20nasicus&tbm=isch&hl=en&tbs=rimg:CcRV__7SpRu4YQIsqEv8w0bssgIMCgIIABAAOgQIABAAwAIA&sa=X&ved=0CBoQuIIBahcKEwjYzJ25hsT9AhUAAAAAHQAAAAAQBg&biw=1519&bih=746,,
Smooth snake ,Coronella austriaca,Low Risk ,Grassland,Gray,Europe,Carnivore,Snake,https://www.google.com/search?q=Coronella%20austriaca&tbm=isch&hl=en&tbs=rimg:CXKMk7eUfe5_YSjB39eXbTN3sgIMCgIIABAAOgQIABAAwAIA&sa=X&ved=0CBoQuIIBahcKEwiI0uzGhsT9AhUAAAAAHQAAAAAQBw&biw=1519&bih=746,,
Cat-eyed snake ,Leptodeira septentrionalis,Low Risk ,Forest,Tan,South America,Carnivore,Snake,https://www.google.com/search?q=Leptodeira%20septentrionalis&tbm=isch&hl=en&tbs=rimg:CYa4KV1XjiGpYaqsVdrr2ghnsgIMCgIIABAAOgQIABAAwAIA&sa=X&ved=0CBoQuIIBahcKEwjQ_67ThsT9AhUAAAAAHQAAAAAQBw&biw=1519&bih=746,,
Malayan Krait ,Bungarus candidus,Low Risk ,Forest,Black-White,Southeast Asia,Carnivore,Snake,https://www.google.com/search?q=Bungarus%20candidus&tbm=isch&hl=en&tbs=rimg:CZvUVs4ay4gEYbFVS34AicgSsgIMCgIIABAAOgQIABAAwAIA&sa=X&ved=0CBoQuIIBahcKEwjA6MvfhsT9AhUAAAAAHQAAAAAQBg&biw=1519&bih=746,,
Aruba Island rattlesnake ,Crotalus unicolor,Critically Endangered,Arid,Tan,North America,Carnivore,Snake,https://www.google.com/search?q=Crotalus%20unicolor&tbm=isch&hl=en&tbs=rimg:CbE38YUgjZdTYWtMDSfA_v7vsgIMCgIIABAAOgQIABAAwAIA&sa=X&ved=0CBoQuIIBahcKEwjohovvjsT9AhUAAAAAHQAAAAAQBg&biw=1519&bih=746,,
Antiguan racer ,Alsophis antiguae,Critically Endangered,Forest,Brown,Carribean,Carnivore,Snake,https://www.google.com/search?q=Alsophis%20antiguae&tbm=isch&hl=en&tbs=rimg:CT_LGd3xIi4JYT--qls-bq9WsgIMCgIIABAAOgQIABABwAIA&sa=X&ved=0CBwQuIIBahcKEwjQjeqHj8T9AhUAAAAAHQAAAAAQDg&biw=1519&bih=746,,
Madagascar ground boa ,Acrantophis madagascariensis,Critically Endangered,Forest,Gray,Madagascar,Carnivore,Snake,https://www.google.com/search?q=Acrantophis%20madagascariensis&tbm=isch&hl=en&tbs=rimg:CZlnkQgFEH-BYfhnfmi4Vc7NsgIMCgIIABAAOgQIABAAwAIA&sa=X&ved=0CBoQuIIBahcKEwjY2KuYj8T9AhUAAAAAHQAAAAAQBw&biw=1519&bih=746,,
Sri Lankan pitviper ,Trimeresurus trigonocephalus,Critically Endangered,Grassland,Green,Southeast Asia,Carnivore,Snake,https://www.google.com/search?q=Trimeresurus%20trigonocephalus&tbm=isch&hl=en&tbs=rimg:CcnZeyxlF62sYSK81J1vRkkcsgIMCgIIABAAOgQIABAAwAIA&sa=X&ved=0CBoQuIIBahcKEwjYhPyqkcT9AhUAAAAAHQAAAAAQBg&biw=1519&bih=746,,
Hawksbill sea snake ,Emydocephalus annulatus,Critically Endangered,Freshwater,Black-White,Australia,Carnivore,Snake,https://www.google.com/search?q=Emydocephalus%20annulatus&tbm=isch&hl=en&tbs=rimg:CUiSDCgQqpCoYQ2BAwOQljhWsgIMCgIIABAAOgQIABAAwAIA&sa=X&ved=0CBoQuIIBahcKEwjQip_EkcT9AhUAAAAAHQAAAAAQBg&biw=1519&bih=746,,
Sierra Madre ground snake ,Sonora semiannulata,Critically Endangered,Desert,Red,North America,Carnivore,Snake,https://www.google.com/search?q=Sonora%20semiannulata&tbm=isch&hl=en&tbs=rimg:CdbjhqSm051iYXCrdbF7YpOZsgIMCgIIABAAOgQIABAAwAIA&sa=X&ved=0CBoQuIIBahcKEwiAhIHNkcT9AhUAAAAAHQAAAAAQBw&biw=1519&bih=746,,
Trinidad bushmaster ,Lachesis muta rhombeata,Critically Endangered,Forest,Brown,South America,Carnivore,Snake,https://www.google.com/search?q=Lachesis%20muta%20rhombeata&tbm=isch&tbs=rimg:CUAp1rjwrdz3Yc_m4HoxBq__sgIMCgIIABAAOgQIABABwAIA&hl=en&sa=X&ved=0CBoQuIIBahcKEwjIwcbykcT9AhUAAAAAHQAAAAAQDg&biw=1519&bih=746,,
Chinese cobra ,Naja atra,Critically Endangered,Forest,Brown,Southeast Asia,Carnivore,Snake,https://www.google.com/search?q=Naja%20atra&tbm=isch&hl=en&tbs=rimg:CSBEe1pEsE6jYZt5GpBakD8CsgIMCgIIABAAOgQIABAAwAIA&sa=X&ved=0CBoQuIIBahcKEwjowdP_kcT9AhUAAAAAHQAAAAAQBw&biw=1519&bih=746,,
Indian python ,Python molurus,Vulnerable,Grassland,Tan,Southeast Asia,Carnivore,Snake,https://www.google.com/search?q=Python%20molurus&tbm=isch&hl=en&tbs=rimg:CYfwIjpzdtgqYVlKMFSuEGiOsgIMCgIIABAAOgQIABAAwAIA&sa=X&ved=0CBoQuIIBahcKEwigo6CWksT9AhUAAAAAHQAAAAAQBg&biw=1519&bih=746,,
Emerald tree boa ,Corallus caninus,Vulnerable,Rainforest ,Green,Soth America,Carnivore,Snake,https://www.google.com/search?q=Corallus%20caninus&tbm=isch&hl=en&tbs=rimg:CWwbGcbCgBhMYU7xUq6IK5qvsgIMCgIIABAAOgQIABABwAIA&sa=X&ved=0CBwQuIIBahcKEwiwr5WhksT9AhUAAAAAHQAAAAAQBg&biw=1519&bih=746,,
Indigo snake ,Drymarchon couperi,Vulnerable,Rocky habitats,Tan,Southeastern America,Carnivore,Snake,https://www.google.com/search?q=Drymarchon%20couperi&tbm=isch&hl=en&tbs=rimg:CT2BAjfakfXaYaAX0kVrjyoEsgIOCgIIABAAOgQIABABQAHAAgA&sa=X&ved=0CBoQuIIBahcKEwjY5NOqksT9AhUAAAAAHQAAAAAQBw&biw=1519&bih=746,,
Black-headed python ,Aspidites melanocephalus,Vulnerable,Arid,Brown,Australia,Carnivore,Snake,https://www.google.com/search?q=Aspidites%20melanocephalus&tbm=isch&hl=en&tbs=rimg:CVzf973EY-LQYVQ_LwClg3ZdsgIMCgIIABAAOgQIABABwAIA&sa=X&ved=0CBoQuIIBahcKEwiwz7_HksT9AhUAAAAAHQAAAAAQBg&biw=1519&bih=746,,
Black rat snake ,Pantherophis alleghaniensis,Vulnerable,Forest ,Black,Eastern America,Carnivore,Snake,https://www.google.com/search?q=Pantherophis%20alleghaniensis&tbm=isch&hl=en&tbs=rimg:Ce4oJ7HZAlBlYcQrzvvU7spRsgIMCgIIABAAOgQIABAAwAIA&sa=X&ved=0CBoQuIIBahcKEwi4mpbRksT9AhUAAAAAHQAAAAAQBw&biw=1519&bih=746,,
Gaboon viper ,Bitis gabonica,Vulnerable,Forest,Brown,Africa,Carnivore,Snake,https://www.google.com/search?q=Bitis%20gabonica&tbm=isch&hl=en&tbs=rimg:CfU5HTRg3ixBYbnzYhrhIx9CsgIMCgIIABAAOgQIABAAwAIA&sa=X&ved=0CBoQuIIBahcKEwigy8_xksT9AhUAAAAAHQAAAAAQBg&biw=1519&bih=746,,
Golden lancehead ,Bothrops insularis,Vulnerable,Island,Brown,Brazil,Carnivore,Snake,https://www.google.com/search?q=Bothrops%20insularis&tbm=isch&hl=en&tbs=rimg:CaniR2gEHD5aYfVlLESAUWrYsgIOCgIIABAAOgQIABAAQAHAAgA&sa=X&ved=0CBwQuIIBahcKEwjogu76ksT9AhUAAAAAHQAAAAAQBg&biw=1519&bih=746,,
Hawksbill turtle ,Eretmochelys imbricata,Vulnerable,Coral Reefs,Amber,Tropical Water,Omnivore,Turtle,https://www.google.com/search?q=Eretmochelys%20imbricata&tbm=isch&hl=en&tbs=rimg:CUETGL7Af5ogYflICoYXtymesgIMCgIIABAAOgQIABABwAIA&sa=X&ved=0CBwQuIIBahcKEwiwtIWHk8T9AhUAAAAAHQAAAAAQBg&biw=1519&bih=746,,
Leatherback turtle ,Dermochelys coriacea,Vulnerable,Ocean,Black,All Over the World,Carnivore,Turtle,https://www.google.com/search?q=dermochelys%20coriacea&tbm=isch&tbs=rimg:CX67RepW20ydYRmuMVcw0dLxsgIMCgIIABAAOgQIABAAwAIA&hl=en&sa=X&ved=0CBoQuIIBahcKEwjA44-Vk8T9AhUAAAAAHQAAAAAQBw&biw=1519&bih=746,,
Red-eared slider ,Trachemys scripta elegans,Vulnerable,River,Green,Southeastern America,Omnivore,Turtle,https://www.google.com/search?q=Trachemys%20scripta%20elegans&tbm=isch&hl=en&tbs=rimg:CQTYHyja-MGeYSlZ1pTBzx01sgIMCgIIABAAOgQIABAAwAIA&sa=X&ved=0CBoQuIIBahcKEwjQscWtk8T9AhUAAAAAHQAAAAAQBw&biw=1519&bih=746,,
Blanding's turtle ,Emydoidea blandingii,Vulnerable,River,Olive,Central America,Omnivore,Turtle,https://www.google.com/search?q=Emydoidea%20blandingii&tbm=isch&hl=en&tbs=rimg:CYK8ne91CkxYYSUHrUinl1rHsgIMCgIIABAAOgQIABABwAIA&sa=X&ved=0CBoQuIIBahcKEwj42-C1k8T9AhUAAAAAHQAAAAAQBw&biw=1519&bih=746,,
Radiated tortoise ,Astrochelys radiata,Vulnerable,Dry Forest,Yellow,Madagascar,Herbivore,Turtle,https://www.google.com/search?q=Astrochelys%20radiata&tbm=isch&hl=en&tbs=rimg:CcvWg7Iw4dXoYU2rLUQCjgZzsgIMCgIIABAAOgQIABAAwAIA&sa=X&ved=0CBoQuIIBahcKEwjg4rzPk8T9AhUAAAAAHQAAAAAQBw&biw=1519&bih=746,,
Spiny turtle ,Heosemys spinosa,Vulnerable,River,Brown,Southeast Asia,Omnivore,Turtle,https://www.google.com/search?q=Heosemys%20spinosa&tbm=isch&hl=en&tbs=rimg:CRKjRfaI9sIEYY5QaTqW6h5asgIOCgIIABAAOgQIABAAQAHAAgA&sa=X&ved=0CBsQuIIBahcKEwjA8rjZk8T9AhUAAAAAHQAAAAAQBw&biw=1519&bih=746,,
Indian roofed turtle ,Pangshura tecta,Vulnerable,River,Brown,Bangladesh,Omnivore,Turtle,https://www.google.com/search?q=Pangshura%20tecta&tbm=isch&hl=en&tbs=rimg:CaUT98HVmnI_YRSHHMcWRp-9sgIMCgIIABAAOgQIABAAwAIA&sa=X&ved=0CBoQuIIBahcKEwjI1tfkk8T9AhUAAAAAHQAAAAAQDg&biw=1519&bih=746,,
Chinese softshell turtle ,Pelodiscus sinensis,Vulnerable,River,Olive-Green,China,Omnivore,Turtle,https://www.google.com/search?q=Pelodiscus%20sinensis&tbm=isch&hl=en&tbs=rimg:CeZUp2lxyeXIYTIDnEn3fziisgIMCgIIABAAOgQIABABwAIA&sa=X&ved=0CBoQuIIBahcKEwjI5bmWlMT9AhUAAAAAHQAAAAAQBw&biw=1519&bih=746,,
Yangtze giant softshell turtle ,Rafetus swinhoei,Critically Endangered,River,Olive-Green,China,Omnivore,Turtle,https://www.google.com/search?q=Rafetus%20swinhoei&tbm=isch&hl=en&tbs=rimg:CePe0XhW76-5YcsG-dBzDsNRsgIMCgIIABAAOgQIABAAwAIA&sa=X&ved=0CBwQuIIBahcKEwiY3pm_lMT9AhUAAAAAHQAAAAAQBw&biw=1519&bih=746,,
Indian narrow-headed softshell turtle ,Chitra indica,Critically Endangered,River,Dark Brown,India,Carnivore,Turtle,https://www.google.com/search?q=Chitra%20indica&tbm=isch&hl=en&tbs=rimg:CUFSEtz7l-GQYSIG6P52jRHlsgIMCgIIABAAOgQIABAAwAIA&sa=X&ved=0CBwQuIIBahcKEwiw9M_9lMT9AhUAAAAAHQAAAAAQBg&biw=1519&bih=746,,
Angonoka tortoise ,Astrochelys yniphora,Critically Endangered,Grassland,Yellow,Madagascar,Herbivore,Turtle,https://www.google.com/search?q=Astrochelys%20yniphora&tbm=isch&hl=en&tbs=rimg:CWJ6KPSCkjMuYd_AXmnRTh6UsgIMCgIIABAAOgQIABABwAIA&sa=X&ved=0CBoQuIIBahcKEwjw56CVlcT9AhUAAAAAHQAAAAAQBw&biw=1519&bih=746,,
Loggerhead sea turtle ,Caretta caretta,Low Risk ,Ocean,Brown,All Over the World,Carnivore,Turtle,https://www.google.com/search?q=Caretta%20caretta&tbm=isch&hl=en&tbs=rimg:CUWB9lQi53WbYRR_D53OmBSqsgIMCgIIABAAOgQIABABwAIA&sa=X&ved=0CBoQuIIBahcKEwjokOz-lcT9AhUAAAAAHQAAAAAQBw&biw=1519&bih=746,,
Painted turtle ,Chrysemys picta,Low Risk ,Freshwater,Olive Green,North America,Omnivore,Turtle,https://www.google.com/search?q=Chrysemys%20picta&tbm=isch&hl=en&tbs=rimg:CSoOd6XxleSnYc6Ru5dr5mWdsgIMCgIIABAAOgQIABAAwAIA&sa=X&ved=0CBoQuIIBahcKEwjY3qOCl8T9AhUAAAAAHQAAAAAQBw&biw=1519&bih=746,,
Eastern box turtle ,Terrapene carolina,Low Risk ,Grassland,Yellow,Central America,Omnivore,Turtle,https://www.google.com/search?q=Terrapene%20carolina&tbm=isch&hl=en&tbs=rimg:CT319dKJJx5SYfvr9UZPPgVHsgIMCgIIABAAOgQIABAAwAIA&sa=X&ved=0CBoQuIIBahcKEwjIsIi_l8T9AhUAAAAAHQAAAAAQBw&biw=1519&bih=746,,
Northern diamondback terrapin ,Malaclemys terrapin,Low Risk ,Coastal Water,Brown,North America,Carnivore,Turtle,https://www.google.com/search?q=Malaclemys%20terrapin&tbm=isch&hl=en&tbs=rimg:CTkdcVL2B7m3Yd1MeDGuHRSksgIMCgIIABAAOgQIABABwAIA&sa=X&ved=0CBoQuIIBahcKEwiIlo3jl8T9AhUAAAAAHQAAAAAQBw&biw=1519&bih=746,,
Common snapping turtle ,Chelydra serpentina,Low Risk ,Freshwater,Dark Brown,North America,Carnivore,Turtle,https://www.google.com/search?q=Chelydra%20serpentina&tbm=isch&hl=en&tbs=rimg:CVkZo9MJB9MhYcy0RwRt6k5SsgIMCgIIABAAOgQIABAAwAIA&sa=X&ved=0CBsQuIIBahcKEwjY7Z7_l8T9AhUAAAAAHQAAAAAQBw&biw=1519&bih=746,,
Spotted turtle ,Clemmys guttata,Low Risk ,Wet Lands,Black,North America,Omnivore,Turtle,https://www.google.com/search?q=Clemmys%20guttata&tbm=isch&hl=en&tbs=rimg:CXUSOlwqFcaWYSIz9ACQp0t0sgIMCgIIABAAOgQIABAAwAIA&sa=X&ved=0CBoQuIIBahcKEwjYzd6JmMT9AhUAAAAAHQAAAAAQBw&biw=1519&bih=746,,
Western pond turtle ,Emys marmorata,Low Risk ,River,Brown,Western America ,Omnivore,Turtle,https://www.google.com/search?q=Emys%20marmorata&tbm=isch&hl=en&tbs=rimg:CRSG-8bykEsEYd6F4rvlLmwosgIOCgIIABAAOgQIABAAQAHAAgA&sa=X&ved=0CBoQuIIBahcKEwio4pGwmMT9AhUAAAAAHQAAAAAQBw&biw=1519&bih=746,,
Yellow-bellied slider ,Trachemys scripta scripta,Low Risk ,Ponds,Green,Southern America,Omnivore,Turtle,https://www.google.com/search?q=Trachemys%20scripta%20scripta&tbm=isch&hl=en&tbs=rimg:CURbFRSobhf0Yd8T7jSLfz_NsgIMCgIIABAAOgQIABABwAIA&sa=X&ved=0CBwQuIIBahcKEwiA0bHXmMT9AhUAAAAAHQAAAAAQBw&biw=1519&bih=746,,
Chinese pond turtle ,Mauremys reevesii,Low Risk ,Ponds,Brown,East Asia,Omnivore,Turtle,https://www.google.com/search?q=Mauremys%20reevesii&tbm=isch&hl=en&tbs=rimg:CVnuQaLcb7KFYY5JFMe6PVw_sgIMCgIIABAAOgQIABABwAIA&sa=X&ved=0CBoQuIIBahcKEwiAqp3imMT9AhUAAAAAHQAAAAAQBw&biw=1519&bih=746,,
Indian flapshell turtle ,Lissemys punctata,Low Risk ,Ponds,Olive-Brown,South Asia,Omnivore,Turtle,https://www.google.com/search?q=Lissemys%20punctata&tbm=isch&hl=en&tbs=rimg:CepsVvKHu526YY33Hqo8bSarsgIMCgIIABAAOgQIABAAwAIA&sa=X&ved=0CBoQuIIBahcKEwiQrZXtmMT9AhUAAAAAHQAAAAAQBw&biw=1519&bih=746,,
Four-eyed turtle ,Sacalia quadriocellata,Low Risk ,Ponds,Olive-Green,Southern Asia,Omnivore,Turtle,https://www.google.com/search?q=Sacalia%20quadriocellata&tbm=isch&hl=en&tbs=rimg:Cbd8lH24sCrqYaPfMqG1Qkp7sgIMCgIIABAAOgQIABAAwAIA&sa=X&ved=0CBoQuIIBahcKEwjQn6j9mMT9AhUAAAAAHQAAAAAQBg&biw=1519&bih=746,,
Painted river turtle ,Callagur borneoensis,Low Risk ,River,Gray,Borneo,Omnivore,Turtle,https://www.google.com/search?q=Callagur%20borneoensis&tbm=isch&hl=en&tbs=rimg:CWcEUxrLierIYVsghloFei-8sgIMCgIIABAAOgQIABAAwAIA&sa=X&ved=0CBoQuIIBahcKEwjQi_iqmcT9AhUAAAAAHQAAAAAQBw&biw=1519&bih=746,,
Blue-tailed skink ,Cryptoblepharus egeriae,Critically Endangered,Grassland,Brownish-Grey,Australia,Insectivore,Lizard,https://www.google.com/search?q=cryptoblepharus%20egeriae&tbm=isch&tbs=rimg:CUnrtAsXT9g5YQvteHcPoHajsgIOCgIIABAAOgQIABABQAHAAgA&hl=en&sa=X&ved=0CBoQuIIBahcKEwiwqqzTpMT9AhUAAAAAHQAAAAAQBw&biw=1519&bih=746,, 
Lord Howe Island skink ,Oligosoma lichenigera,Critically Endangered,Forest,Grey-Brown,New Zealand,Insectivore,Lizard,https://www.google.com/search?q=Oligosoma%20lichenigera&tbm=isch&hl=en&tbs=rimg:CQ3eaGy2dS_nYc5R6YwkffrysgIMCgIIABAAOgQIABAAwAIA&sa=X&ved=0CBoQuIIBahcKEwi4mNzYrcT9AhUAAAAAHQAAAAAQBw&biw=1519&bih=746,,
Blue Mountains water skink ,Eulamprus leuraensis,Critically Endangered,Grassland,Dark Brown,Australia,Carnivore,Lizard,https://www.google.com/search?q=Eulamprus%20leuraensis&tbm=isch&hl=en&tbs=rimg:CUMzeT3GaQTVYRvjAybCULgLsgIMCgIIABAAOgQIABABwAIA&sa=X&ved=0CBoQuIIBahcKEwigpI3krcT9AhUAAAAAHQAAAAAQBw&biw=1519&bih=746,,
Three Kings Islands skink ,Oligosoma moco,Critically Endangered,Forest,Brown,New Zealand,Insectivore,Lizard,https://www.google.com/search?q=Oligosoma%20moco&tbm=isch&tbs=rimg:CZD0AUaS6TRNYe5li1rjxwi8sgIMCgIIABAAOgQIABAAwAIA&hl=en&sa=X&ved=0CBoQuIIBahcKEwjYwsiVrsT9AhUAAAAAHQAAAAAQEQ&biw=1519&bih=746,,
Fiji banded iguana ,Brachylophus fasciatus,Critically Endangered,Trees,Green,Fiji,Herbivore,Lizard,https://www.google.com/search?q=Brachylophus%20fasciatus&tbm=isch&hl=en&tbs=rimg:CaFaTlJIFvE4YYWr-5nVcSP3sgIMCgIIABAAOgQIABAAwAIA&sa=X&ved=0CBoQuIIBahcKEwiA74CirsT9AhUAAAAAHQAAAAAQBg&biw=1519&bih=746,,
Grand Cayman blue iguana ,Cyclura lewisi,Critically Endangered,Desert,Blue,Carribean,Herbivore,Lizard,https://www.google.com/search?q=Cyclura%20lewisi&tbm=isch&hl=en&tbs=rimg:CZYfAELwHjp5YW98q8e0aXZasgIMCgIIABAAOgQIABAAwAIA&sa=X&ved=0CBwQuIIBahcKEwiwsvqorsT9AhUAAAAAHQAAAAAQBw&biw=1519&bih=746,,
Lesser Antillean iguana ,Iguana delicatissima,Critically Endangered,Rocky habitats,Grey-Green,Carribean,Herbivore,Lizard,https://www.google.com/search?q=Iguana%20delicatissima&tbm=isch&hl=en&tbs=rimg:CXfsAg94y0GGYS9KFTNbGjsdsgIMCgIIABAAOgQIABAAwAIA&sa=X&ved=0CBoQuIIBahcKEwiAyfiXr8T9AhUAAAAAHQAAAAAQDw&biw=1519&bih=746,,
Utila spiny-tailed iguana ,Ctenosaura bakeri,Critically Endangered,Arid,Grey-Brown,Honduras,Omnivore,Lizard,https://www.google.com/search?q=Ctenosaura%20bakeri&tbm=isch&hl=en&tbs=rimg:CSCccMxLxTjLYd_BmbE8YQAesgIMCgIIABAAOgQIABAAwAIA&sa=X&ved=0CBsQuIIBahcKEwjwiberr8T9AhUAAAAAHQAAAAAQBw&biw=1519&bih=746,,